-- MySQL dump 10.13  Distrib 8.0.41, for Win64 (x86_64)
--
-- Host: localhost    Database: managementdb1
-- ------------------------------------------------------
-- Server version	8.0.41

/*!40101 SET @OLD_CHARACTER_SET_CLIENT=@@CHARACTER_SET_CLIENT */;
/*!40101 SET @OLD_CHARACTER_SET_RESULTS=@@CHARACTER_SET_RESULTS */;
/*!40101 SET @OLD_COLLATION_CONNECTION=@@COLLATION_CONNECTION */;
/*!50503 SET NAMES utf8mb4 */;
/*!40103 SET @OLD_TIME_ZONE=@@TIME_ZONE */;
/*!40103 SET TIME_ZONE='+00:00' */;
/*!40014 SET @OLD_UNIQUE_CHECKS=@@UNIQUE_CHECKS, UNIQUE_CHECKS=0 */;
/*!40014 SET @OLD_FOREIGN_KEY_CHECKS=@@FOREIGN_KEY_CHECKS, FOREIGN_KEY_CHECKS=0 */;
/*!40101 SET @OLD_SQL_MODE=@@SQL_MODE, SQL_MODE='NO_AUTO_VALUE_ON_ZERO' */;
/*!40111 SET @OLD_SQL_NOTES=@@SQL_NOTES, SQL_NOTES=0 */;

--
-- Table structure for table `assign_subcontractors`
--

DROP TABLE IF EXISTS `assign_subcontractors`;
/*!40101 SET @saved_cs_client     = @@character_set_client */;
/*!50503 SET character_set_client = utf8mb4 */;
CREATE TABLE `assign_subcontractors` (
  `PMC_no` int DEFAULT NULL,
  `Contractor_Id` int DEFAULT NULL,
  `Village_Id` int DEFAULT NULL,
  KEY `Contractor_Id` (`Contractor_Id`),
  KEY `Village_Id` (`Village_Id`),
  CONSTRAINT `assign_subcontractors_ibfk_1` FOREIGN KEY (`Contractor_Id`) REFERENCES `subcontractors` (`Contractor_Id`),
  CONSTRAINT `assign_subcontractors_ibfk_2` FOREIGN KEY (`Village_Id`) REFERENCES `villages` (`Village_Id`)
) ENGINE=InnoDB DEFAULT CHARSET=utf8mb4 COLLATE=utf8mb4_0900_ai_ci;
/*!40101 SET character_set_client = @saved_cs_client */;

--
-- Dumping data for table `assign_subcontractors`
--

LOCK TABLES `assign_subcontractors` WRITE;
/*!40000 ALTER TABLE `assign_subcontractors` DISABLE KEYS */;
INSERT INTO `assign_subcontractors` VALUES (52758,1,1),(53258,1,2),(54877,1,3),(55163,1,4),(55166,1,5),(55167,1,6),(55311,1,7),(58960,1,8),(58960,1,8),(58961,1,9),(58961,1,9),(59643,1,10),(59780,1,11),(60092,1,12),(60127,1,13),(60127,1,13),(65956,1,14),(66317,1,15),(66317,1,15),(66734,1,16),(66735,1,16),(63252,2,17),(63252,2,17),(63252,2,17),(53123,3,18),(53300,3,19),(53316,3,20),(53316,3,20),(53317,3,21),(56001,3,22),(57648,3,23),(58704,3,24),(59248,3,25),(60138,3,26),(60138,3,26),(65390,3,27),(65391,3,27);
/*!40000 ALTER TABLE `assign_subcontractors` ENABLE KEYS */;
UNLOCK TABLES;

--
-- Table structure for table `blocks`
--

DROP TABLE IF EXISTS `blocks`;
/*!40101 SET @saved_cs_client     = @@character_set_client */;
/*!50503 SET character_set_client = utf8mb4 */;
CREATE TABLE `blocks` (
  `Block_Id` int NOT NULL AUTO_INCREMENT,
  `Block_Name` varchar(255) NOT NULL,
  `District_id` int NOT NULL,
  PRIMARY KEY (`Block_Id`),
  KEY `District_id` (`District_id`),
  CONSTRAINT `blocks_ibfk_1` FOREIGN KEY (`District_id`) REFERENCES `districts` (`District_id`)
) ENGINE=InnoDB AUTO_INCREMENT=2 DEFAULT CHARSET=utf8mb4 COLLATE=utf8mb4_0900_ai_ci;
/*!40101 SET character_set_client = @saved_cs_client */;

--
-- Dumping data for table `blocks`
--

LOCK TABLES `blocks` WRITE;
/*!40000 ALTER TABLE `blocks` DISABLE KEYS */;
INSERT INTO `blocks` VALUES (1,'Muzaffarnagar',1);
/*!40000 ALTER TABLE `blocks` ENABLE KEYS */;
UNLOCK TABLES;

--
-- Table structure for table `districts`
--

DROP TABLE IF EXISTS `districts`;
/*!40101 SET @saved_cs_client     = @@character_set_client */;
/*!50503 SET character_set_client = utf8mb4 */;
CREATE TABLE `districts` (
  `District_id` int NOT NULL AUTO_INCREMENT,
  `District_Name` varchar(255) NOT NULL,
  `State_Id` int NOT NULL,
  PRIMARY KEY (`District_id`),
  KEY `State_Id` (`State_Id`),
  CONSTRAINT `districts_ibfk_1` FOREIGN KEY (`State_Id`) REFERENCES `states` (`State_Id`)
) ENGINE=InnoDB AUTO_INCREMENT=2 DEFAULT CHARSET=utf8mb4 COLLATE=utf8mb4_0900_ai_ci;
/*!40101 SET character_set_client = @saved_cs_client */;

--
-- Dumping data for table `districts`
--

LOCK TABLES `districts` WRITE;
/*!40000 ALTER TABLE `districts` DISABLE KEYS */;
INSERT INTO `districts` VALUES (1,'Muzaffarnagar',1);
/*!40000 ALTER TABLE `districts` ENABLE KEYS */;
UNLOCK TABLES;

--
-- Table structure for table `gst_release`
--

DROP TABLE IF EXISTS `gst_release`;
/*!40101 SET @saved_cs_client     = @@character_set_client */;
/*!50503 SET character_set_client = utf8mb4 */;
CREATE TABLE `gst_release` (
  `GST_Release_Id` int NOT NULL AUTO_INCREMENT,
  `PMC_No` int DEFAULT NULL,
  `Invoice_No` varchar(50) DEFAULT NULL,
  `Basic_Amount` decimal(10,2) DEFAULT NULL,
  `Final_Amount` decimal(10,2) DEFAULT NULL,
  PRIMARY KEY (`GST_Release_Id`)
) ENGINE=InnoDB AUTO_INCREMENT=32 DEFAULT CHARSET=utf8mb4 COLLATE=utf8mb4_0900_ai_ci;
/*!40101 SET character_set_client = @saved_cs_client */;

--
-- Dumping data for table `gst_release`
--

LOCK TABLES `gst_release` WRITE;
/*!40000 ALTER TABLE `gst_release` DISABLE KEYS */;
INSERT INTO `gst_release` VALUES (1,52758,'2',58751.00,58751.00),(2,53258,'3',56146.00,56146.00),(3,54877,'4',56967.00,56967.00),(4,55163,'5',58117.00,58117.00),(5,55166,'2',57742.00,57742.00),(6,55167,'3',57951.00,57951.00),(7,55311,'1',58253.00,58253.00),(8,58960,'4',29025.00,29025.00),(9,58960,'12',20880.00,20880.00),(10,58961,'7',30735.00,30735.00),(11,58961,'10',27180.00,27180.00),(12,59643,'8',57573.00,57573.00),(13,59780,'9',63450.00,63450.00),(14,60092,'11',45830.88,45830.88),(15,60127,'13',104422.86,104422.86),(16,60127,'14',13378.32,13378.32),(17,65956,NULL,71383.68,71383.68),(18,63252,'98',86819.00,86819.00),(19,63252,'99',144476.00,144476.00),(20,53123,'4',57734.00,57734.00),(21,53300,'4',57385.00,57385.00),(22,53316,'13',57642.00,57642.00),(23,53316,'15',1980.00,1980.00),(24,53317,'13',57575.00,57574.00),(25,56001,'13',59629.00,59629.00),(26,57648,'1',59588.00,59588.00),(27,58704,'5',56909.00,56909.00),(28,59248,'11',62355.00,62355.00),(29,60138,'23 - 29',45264.78,45264.78),(30,65390,'5',55283.40,55283.40),(31,65391,'4',55062.00,55062.00);
/*!40000 ALTER TABLE `gst_release` ENABLE KEYS */;
UNLOCK TABLES;

--
-- Table structure for table `hold_types`
--

DROP TABLE IF EXISTS `hold_types`;
/*!40101 SET @saved_cs_client     = @@character_set_client */;
/*!50503 SET character_set_client = utf8mb4 */;
CREATE TABLE `hold_types` (
  `hold_type_id` int NOT NULL AUTO_INCREMENT,
  `hold_type` varchar(500) DEFAULT NULL,
  PRIMARY KEY (`hold_type_id`)
) ENGINE=InnoDB AUTO_INCREMENT=2 DEFAULT CHARSET=utf8mb4 COLLATE=utf8mb4_0900_ai_ci;
/*!40101 SET character_set_client = @saved_cs_client */;

--
-- Dumping data for table `hold_types`
--

LOCK TABLES `hold_types` WRITE;
/*!40000 ALTER TABLE `hold_types` DISABLE KEYS */;
INSERT INTO `hold_types` VALUES (1,'DPR Excess Hold');
/*!40000 ALTER TABLE `hold_types` ENABLE KEYS */;
UNLOCK TABLES;

--
-- Table structure for table `invoice`
--

DROP TABLE IF EXISTS `invoice`;
/*!40101 SET @saved_cs_client     = @@character_set_client */;
/*!50503 SET character_set_client = utf8mb4 */;
CREATE TABLE `invoice` (
  `Invoice_Id` int NOT NULL AUTO_INCREMENT,
  `PMC_No` varchar(50) DEFAULT NULL,
  `Village_Id` int DEFAULT NULL,
  `Work_Type` varchar(250) DEFAULT NULL,
  `Invoice_Details` text,
  `Invoice_Date` date DEFAULT NULL,
  `Invoice_No` varchar(50) DEFAULT NULL,
  `Basic_Amount` decimal(15,2) DEFAULT NULL,
  `Debit_Amount` decimal(15,2) DEFAULT NULL,
  `After_Debit_Amount` decimal(15,2) DEFAULT NULL,
  `Amount` decimal(15,2) DEFAULT NULL,
  `GST_Amount` decimal(15,2) DEFAULT NULL,
  `TDS_Amount` decimal(15,2) DEFAULT NULL,
  `SD_Amount` decimal(15,2) DEFAULT NULL,
  `On_Commission` decimal(15,2) DEFAULT NULL,
  `Hydro_Testing` decimal(15,2) DEFAULT NULL,
  `Hold_Amount` varchar(50) DEFAULT NULL,
  `GST_SD_Amount` decimal(15,2) DEFAULT NULL,
  `Final_Amount` decimal(15,2) DEFAULT NULL,
  PRIMARY KEY (`Invoice_Id`),
  KEY `Village_Id` (`Village_Id`),
  CONSTRAINT `invoice_ibfk_1` FOREIGN KEY (`Village_Id`) REFERENCES `villages` (`Village_Id`)
) ENGINE=InnoDB AUTO_INCREMENT=38 DEFAULT CHARSET=utf8mb4 COLLATE=utf8mb4_0900_ai_ci;
/*!40101 SET character_set_client = @saved_cs_client */;

--
-- Dumping data for table `invoice`
--

LOCK TABLES `invoice` WRITE;
/*!40000 ALTER TABLE `invoice` DISABLE KEYS */;
INSERT INTO `invoice` VALUES (1,'52758',1,'pump house work','Panchenda Kalan Village Pump House work','2022-11-10','2',381000.00,54603.00,326397.00,385148.00,58751.00,3263.97,32639.70,0.00,0.00,NULL,58751.00,290493.00),(2,'53258',2,'pump house work','Medpur Village Pump House Work',NULL,'3',370000.00,69075.00,311925.00,368071.50,56146.50,3119.25,31192.50,0.00,0.00,NULL,56146.50,277613.25),(3,'54877',3,'pump house work','Saidpur Village Pump House Work',NULL,'4',381000.00,64514.00,316486.00,373453.48,56967.48,3164.86,31648.60,0.00,0.00,NULL,56967.48,281672.54),(4,'55163',4,'pump house work','Khalwara Village Pump House Work','2023-02-27','5',380993.68,58124.00,322869.68,264752.00,58117.68,3228.70,32286.97,0.00,0.00,NULL,58124.00,287354.02),(5,'55166',5,'pump house work','Saidipur Raju Village Pump House work','2023-06-01','2',361000.00,40210.00,320790.00,378532.00,57742.00,3207.90,32079.00,0.00,0.00,NULL,57742.00,285503.00),(6,'55167',6,'pump house work','GHYANMAZARA  Village  Pump House work','2023-06-01','3',381000.00,59049.00,321951.00,379902.00,57951.00,3219.51,32195.10,0.00,0.00,NULL,57951.00,286537.00),(7,'55311',7,'pump house work','Wazidpur kawali  Village Pump House work','2023-06-01','1',381000.00,57372.00,323628.00,381881.00,58253.00,3236.28,32362.80,0.00,0.00,NULL,58253.00,288029.00),(8,'58960',8,'pump house work','Ahamadwala Village Pump House work','2023-08-18','4',210000.00,48752.00,161248.00,190273.00,29025.00,1612.48,16124.80,0.00,0.00,NULL,29025.00,143511.00),(9,'58960',8,'pump house work','Ahamadwala Village Pump House work','2023-11-08','12',116000.00,0.00,116000.00,136880.00,20880.00,1160.00,11600.00,0.00,0.00,NULL,20880.00,103240.00),(10,'58961',9,'pump house work','JABARDASTPUR MANDAUDI Village Pump House work','2023-08-18','7',210000.00,39252.30,170748.00,201483.00,30735.00,1707.48,17074.80,0.00,0.00,NULL,30735.00,151966.00),(11,'58961',9,'pump house work','JABARDASTPUR MANDAUDI Village Pump House work','2023-09-25','10',151000.00,0.00,151000.00,178180.00,27180.00,1510.00,15100.00,0.00,0.00,NULL,27180.00,134390.00),(12,'59643',10,'pump house work','Ahrora  Village  Pump House work','2023-08-29','8',361000.00,41152.00,319848.00,377421.00,57573.00,3198.48,31984.80,0.00,0.00,NULL,57573.00,284665.00),(13,'59780',11,'pump house work','Nanhera Village Pump House work','2023-09-21','9',381000.00,28500.00,352500.00,415950.00,63450.00,3525.00,35250.00,0.00,0.00,NULL,63450.00,278475.00),(14,'60092',12,'boundary wall work','Guniyajuddi village Boundary wall work','2023-11-06','11',291116.00,36500.00,254616.00,300446.88,45830.88,2546.16,12730.80,0.00,0.00,NULL,45830.88,239339.04),(15,'60127',13,'pipe laying work','Mandala Village Pipe Laying Work','2023-11-11','13',654877.00,74750.00,580127.00,684549.86,104422.86,5801.27,29006.35,0.00,0.00,NULL,104422.86,429293.98),(16,'60127',13,'-pipe laying work','Mandala Village -Pipe Laying Work','2024-01-12','14',74324.00,NULL,74324.00,87702.32,13378.32,743.24,3716.20,0.00,0.00,NULL,13378.32,54999.76),(17,'65956',14,'- bw work','Pachenda kalan village  - BW work','2024-09-02','1',445200.00,48624.00,396576.00,467959.68,71383.68,3965.76,19828.80,0.00,0.00,NULL,71383.68,347581.44),(18,'66317',15,'construction work','SADPUR village CONSTRUCTION WORK OF PUMP HOUSE  AT  VILLAGE  SADPUR BLOCK- CHARTHAWAL','2024-10-01','2',222000.00,0.00,222000.00,261960.00,39960.00,2220.00,11100.00,0.00,0.00,NULL,39960.00,208680.00),(19,'66317',15,'construction work','SADPUR village CONSTRUCTION WORK OF PUMP HOUSE  AT  VILLAGE  SADPUR BLOCK- CHARTHAWAL','2024-11-19','3',101850.00,0.00,101850.00,120183.00,18333.00,1018.50,5092.50,0.00,0.00,NULL,18333.00,95739.00),(20,'66734',16,'pump house work','BHIRAHERI village PUMP HOUSE  work at BHIRAHERI Village BLOCK MORNA','2024-11-19','5',323850.00,0.00,323850.00,382143.00,58293.00,3238.50,16192.50,0.00,0.00,NULL,58293.00,304419.00),(21,'66735',16,'pump house work','BHIRAHERI village PUMP HOUSE  work at BHIRAHERI Village BLOCK MORNA','2024-11-19','4',323850.00,14000.00,309850.00,365623.00,55773.00,3098.50,15492.50,0.00,0.00,NULL,55773.00,291259.00),(22,'63252',17,'balance pipeline distribution network work','MARHKARIMPUR village BALANCE PIPELINE DISTRIBUTION NETWORK work  AT MARHKARIMPUR BLOCK KHATAULI -','2024-05-31','98',482330.00,0.00,482330.00,569149.00,86819.00,4823.00,24117.00,0.00,0.00,NULL,0.00,356924.00),(23,'63252',17,'balance pipeline distribution network work','MARHKARIMPUR village BALANCE PIPELINE DISTRIBUTION NETWORK  work AT MARHKARIMPUR BLOCK KHATAULI -','2024-08-14','99',802647.00,NULL,802647.00,947123.00,144476.00,8026.00,40132.00,0.00,0.00,NULL,0.00,579021.00),(24,'63252',17,'balance pipeline distribution network work','MARHKARIMPUR village BALANCE PIPELINE DISTRIBUTION NETWORK  work AT MARHKARIMPUR BLOCK KHATAULI -','2025-01-01','101',605896.00,41098.00,564798.00,666462.00,101664.00,5648.00,28240.00,0.00,0.00,NULL,0.00,417950.00),(25,'53123',18,'pump house work','Ghissukheda Village Pump House work','2022-11-07','4',370000.00,49255.00,320745.00,378479.00,57734.00,3207.45,32074.50,NULL,NULL,NULL,57734.00,285463.00),(26,'53300',19,'pump house work','Haibatpur Village Pump House work','2022-11-07','4',370000.00,51194.00,318806.00,376191.00,57385.00,3188.06,31880.60,NULL,NULL,NULL,57385.00,283737.00),(27,'53316',20,'pump house work','Pawati Khurd village Pump House work','2023-02-04','14',370000.00,49765.00,320235.00,377877.00,57642.00,3202.35,32023.50,NULL,NULL,NULL,57642.00,285009.00),(28,'53316',20,'pump house work','Pawati Khurd  village Pump  House work','2023-02-27','15',11000.00,0.00,11000.00,12980.00,1980.00,110.00,1100.00,NULL,NULL,NULL,1980.00,9790.00),(29,'53317',21,'pump house work','Nirdhana Village Pump House work','2023-01-25','13',370000.00,50139.00,319861.00,377436.00,57575.00,3198.61,15993.05,NULL,NULL,NULL,57575.00,300669.00),(30,'56001',22,'pump house work','Budalkhedi Village Pump House work','2023-01-25','13',381000.00,49726.00,331274.00,390903.00,59629.00,3312.74,33127.40,NULL,NULL,NULL,59629.00,294834.00),(31,'57648',23,'pump house work','chimau village pump house work','2023-06-05','1',381000.00,49957.00,331043.00,390631.00,59588.00,3310.43,33104.30,NULL,NULL,NULL,59588.00,294628.00),(32,'58704',24,'boundry wall work','Budhakheda village Boundry wall work','2023-07-18','5',335160.00,19000.00,316160.00,373069.00,56909.00,3161.60,15808.00,NULL,NULL,NULL,56909.00,297190.00),(33,'59248',25,'pump house work','Saidpur Kalan village pump house work','2023-09-12','11',381000.00,34582.00,346418.00,408773.00,62355.00,3464.18,34641.80,NULL,NULL,NULL,62355.00,290991.00),(34,'60138',26,'- baghra block - pump house work','Atali Village - Baghra  Block - Pump house work','2023-11-09','23',344000.00,129529.00,214471.00,253075.78,38604.78,2530.76,12653.79,NULL,NULL,NULL,38604.78,201603.00),(35,'60138',26,'- baghra block - pump house work','Atali Village - Baghra  Block - Pump house work','2023-12-15','29',37000.00,0.00,37000.00,43660.00,6660.00,370.00,1850.00,NULL,NULL,NULL,6660.00,34780.00),(36,'65390',27,'boundary wall work','MUTHRA village boundary Wall work','2024-08-09','5',355040.00,47910.00,307130.00,362413.40,55283.40,3071.30,15356.50,NULL,NULL,NULL,55283.40,264902.00),(37,'65391',27,'construction of pump house work','MUTHRA village CONSTRUCTION OF PUMP HOUSE work','2024-08-09','4',305900.00,NULL,305900.00,360962.00,55062.00,3059.00,15295.00,NULL,NULL,NULL,55062.00,287546.00);
/*!40000 ALTER TABLE `invoice` ENABLE KEYS */;
UNLOCK TABLES;

--
-- Table structure for table `invoice_subcontractor_hold_join`
--

DROP TABLE IF EXISTS `invoice_subcontractor_hold_join`;
/*!40101 SET @saved_cs_client     = @@character_set_client */;
/*!50503 SET character_set_client = utf8mb4 */;
CREATE TABLE `invoice_subcontractor_hold_join` (
  `join_id` int NOT NULL AUTO_INCREMENT,
  `Contractor_Id` int DEFAULT NULL,
  `Invoice_Id` int DEFAULT NULL,
  `hold_type_id` int DEFAULT NULL,
  `hold_amount` decimal(15,2) DEFAULT NULL,
  PRIMARY KEY (`join_id`),
  KEY `Contractor_Id` (`Contractor_Id`),
  KEY `Invoice_Id` (`Invoice_Id`),
  KEY `hold_type_id` (`hold_type_id`),
  CONSTRAINT `invoice_subcontractor_hold_join_ibfk_1` FOREIGN KEY (`Contractor_Id`) REFERENCES `subcontractors` (`Contractor_Id`),
  CONSTRAINT `invoice_subcontractor_hold_join_ibfk_2` FOREIGN KEY (`Invoice_Id`) REFERENCES `invoice` (`Invoice_Id`),
  CONSTRAINT `invoice_subcontractor_hold_join_ibfk_3` FOREIGN KEY (`hold_type_id`) REFERENCES `hold_types` (`hold_type_id`)
) ENGINE=InnoDB AUTO_INCREMENT=4 DEFAULT CHARSET=utf8mb4 COLLATE=utf8mb4_0900_ai_ci;
/*!40101 SET character_set_client = @saved_cs_client */;

--
-- Dumping data for table `invoice_subcontractor_hold_join`
--

LOCK TABLES `invoice_subcontractor_hold_join` WRITE;
/*!40000 ALTER TABLE `invoice_subcontractor_hold_join` DISABLE KEYS */;
INSERT INTO `invoice_subcontractor_hold_join` VALUES (1,2,23,1,14938.00),(2,2,24,1,0.00),(3,3,36,1,23800.00);
/*!40000 ALTER TABLE `invoice_subcontractor_hold_join` ENABLE KEYS */;
UNLOCK TABLES;

--
-- Table structure for table `payment`
--

DROP TABLE IF EXISTS `payment`;
/*!40101 SET @saved_cs_client     = @@character_set_client */;
/*!50503 SET character_set_client = utf8mb4 */;
CREATE TABLE `payment` (
  `Payment_Id` int NOT NULL AUTO_INCREMENT,
  `PMC_No` int DEFAULT NULL,
  `Invoice_No` varchar(50) DEFAULT NULL,
  `Payment_Amount` decimal(10,2) DEFAULT NULL,
  `TDS_Payment_Amount` decimal(10,2) DEFAULT NULL,
  `Total_Amount` decimal(10,2) DEFAULT NULL,
  `UTR` varchar(255) DEFAULT NULL,
  PRIMARY KEY (`Payment_Id`)
) ENGINE=InnoDB AUTO_INCREMENT=69 DEFAULT CHARSET=utf8mb4 COLLATE=utf8mb4_0900_ai_ci;
/*!40101 SET character_set_client = @saved_cs_client */;

--
-- Dumping data for table `payment`
--

LOCK TABLES `payment` WRITE;
/*!40000 ALTER TABLE `payment` DISABLE KEYS */;
INSERT INTO `payment` VALUES (1,52758,'2',0.00,0.00,250000.00,'30-11-2022 NEFT/AXISP00341668618/RIUP22/1370/ABINANDNI ENTER 250000.00'),(2,52758,'2',0.00,0.00,40493.00,'03-01-2023 NEFT/AXISP00351384281/RIUP22/1752/ABINANDNI ENTER 40493.00'),(3,52758,NULL,0.00,0.00,58751.00,'24-01-2023 NEFT/AXISP00356837275/RIUP22/1916/ABINANDNI ENTER 58751.00'),(4,53258,'3',0.00,0.00,277613.00,' 07-02-2023 NEFT/AXISP00361376408/RIUP22/2107/ABINANDNI ENTER ₹ 2,77,613.00'),(5,53258,'3',0.00,0.00,56147.00,'12-05-2023 NEFT/AXISP00389894139/RIUP23/204/ABINANDNI ENTERP 56147.00'),(6,54877,'4',0.00,0.00,281672.00,'04-02-2023 NEFT/AXISP00360502879/RIUP22/2099/ABINANDNI ENTER ₹ 2,81,672.00'),(7,54877,'4',0.00,0.00,56967.00,'12-05-2023 NEFT/AXISP00389894138/RIUP23/205/ABINANDNI ENTERP 56967.00'),(8,55163,'5',0.00,0.00,287359.00,'06-03-2023 NEFT/AXISP00369001727/RIUP22/2462/ABINANDNI ENTER 287359.00'),(9,55163,'5',0.00,0.00,58118.00,'12-05-2023 NEFT/AXISP00389894112/RIUP23/206/ABINANDNI ENTERP 58118.00'),(10,55166,'2',0.00,0.00,285503.00,'27-06-2023 NEFT/AXISP00401014815/RIUP23/874/ABINANDNI ENTERP 285503.00'),(11,55166,'2',0.00,0.00,57742.00,'24-08-2023 NEFT/AXISP00418043564/RIUP23/1542/ABINANDNI ENTERPRI/ 57742.00'),(12,55167,'3',0.00,0.00,286536.00,'15-07-2023 NEFT/AXISP00407207176/RIUP23/1056/ABINANDNI ENTER 286536.00'),(13,55167,'3',0.00,0.00,57951.00,'13-02-2024 NEFT/AXISP00470943294/RIUP23/4300/ABINANDNI ENTERPRI/IDIB000M020 57951.00'),(14,55311,'1',0.00,0.00,288029.00,'27-06-2023 NEFT/AXISP00401014814/RIUP23/873/ABINANDNI ENTERP 288029.00'),(15,55311,'1',0.00,0.00,58253.00,'28-08-2023 NEFT/AXISP00418870936/RIUP23/1541/ABINANDNI ENTERPRI/58253.00'),(16,58960,'4',0.00,0.00,143510.00,'28-08-2023 NEFT/AXISP00418849242/RIUP23/1699/ABINANDNI ENTERPRI/143510.00'),(17,58960,'4',0.00,0.00,20880.00,'02-02-2024 NEFT/AXISP00467749360/RIUP23/4482/ABINANDNI ENTERPRI/IDIB000M020 20880.00'),(18,58960,'12',0.00,0.00,103240.00,'07-02-2024 NEFT/AXISP00469113943/RIUP23/4223/ABINANDNI ENTERPRI/IDIB000M020 103240.00'),(19,58960,'12',0.00,0.00,29024.00,'07-02-2024 NEFT/AXISP00469113944/RIUP23/4301/ABINANDNI ENTERPRI/IDIB000M020 29024.00'),(20,58961,'7',0.00,0.00,151965.00,'16-07-2024 NEFT/AXISP00519021659/RIUP24/1110/ABINANDNI ENTERPRI/IDIB000M020 151965.00'),(21,58961,'7',0.00,0.00,30734.00,'16-07-2024 NEFT/AXISP00519021661/RIUP24/1112/ABINANDNI ENTERPRI/IDIB000M020 30734.00'),(22,58961,'10',0.00,0.00,134390.00,'16-07-2024 NEFT/AXISP00519021660/RIUP24/1111/ABINANDNI ENTERPRI/IDIB000M020 134390.00'),(23,59643,'8',0.00,0.00,284664.00,'17-10-2023 NEFT/AXISP00435111135/RIUP23/2606/ABINANDNI ENTERPRI/IDIB000M020 284664.00'),(24,59643,'8',0.00,0.00,57573.00,'09-02-2024 NEFT/AXISP00469899334/RIUP23/4302/ABINANDNI ENTERPRI/IDIB000M020 57573.00'),(25,59780,'9',0.00,0.00,278475.00,'19-10-2023 NEFT/AXISP00435739496/RIUP23/2782A/ABINANDNI ENTERPRI/IDIB000M020 278475.00'),(26,59780,'9',0.00,0.00,63450.00,'01-02-2024 NEFT/AXISP00467277207/RIUP23/4303/ABINANDNI ENTERPRI/IDIB000M020 63450.00'),(27,60092,'11',0.00,0.00,148500.00,'09-11-2023 NEFT/AXISP00442779073/RIUP23/3207/ABINANDNI ENTERPRI/IDIB000M020 148500.00'),(28,60092,'11',0.00,0.00,90839.00,'12-01-2024 NEFT/AXISP00462195174/RIUP23/3274/ABINANDNI ENTERPRI/IDIB000M020 90839.00'),(29,60092,NULL,0.00,0.00,45831.00,'01-02-2024 NEFT/AXISP00467277203/RIUP23/4481/ABINANDNI ENTERPRI/IDIB000M020 45831.00'),(30,60127,'13',0.00,0.00,429294.00,'14-12-2023 NEFT/AXISP00452966711/RIUP23/3601/ABINANDNI ENTERPRI/IDIB000M020 429294.00'),(31,60127,'13',0.00,0.00,55001.00,'14-05-2024 NEFT/AXISP00499706378/RIUP23/5172/ABINANDNI ENTERPRI/IDIB000M020 55001.00'),(32,60127,'14',0.00,0.00,104423.00,'14-06-2024 NEFT/AXISP00509460935/RIUP23/4483/ABINANDNI ENTERPRI/IDIB000M020 104423.00'),(33,65956,'1',0.00,0.00,247500.00,'23-10-2024 NEFT/AXISP00557269325/RIUP24/2290/ABINANDNI ENTERPRI/IDIB000M020 247500.00'),(34,66317,'2',0.00,0.00,50000.00,'23-12-2024 NEFT/AXISP00587800980/RIUP24/2542/ABINANDNI ENTERPRI/IDIB000M020 50000.00'),(35,66317,'3',0.00,0.00,208680.00,'31-12-2024 NEFT/AXISP00591007089/RIUP24/2321/ABINANDNI ENTERPRI/IDIB000M020 208680.00'),(36,66734,'5',0.00,0.00,200000.00,'26-12-2024 Debit N/RIUP24/2541/ABINANDNI ENTE/INDBN26123786884 200000.0'),(37,63252,'98',NULL,NULL,148500.00,'16-04-2024 NEFT/AXISP00491684725/RIUP24/0131/ALI CONSTRUCTION/ICIC0000911 148500.00'),(38,63252,'98',NULL,NULL,100000.00,'20-06-2024 NEFT/AXISP00510567979/RIUP24/0896/ALI CONSTRUCTION/ICIC0000911 ₹ 1,00,000.00'),(39,63252,'99',NULL,NULL,86819.00,'08-08-2024 NEFT/AXISP00526375817/RIUP24/1286/ALI CONSTRUCTION/ICIC0000911 86819.00'),(40,63252,'99',NULL,NULL,108424.00,'29-08-2024 NEFT/AXISP00533190147/RIUP24/1555/ALI CONSTRUCTION/ICIC0000911 108424.00'),(41,63252,'101',NULL,NULL,400000.00,'29-10-2024 NEFT/AXISP00560347889/RIUP24/1710/ALI CONSTRUCTION/ICIC0000911 400000.00'),(42,63252,NULL,NULL,NULL,144477.00,'27-11-2024 NEFT/AXISP00575054381/RIUP24/2246/ALI CONSTRUCTION/ICIC0000911 144477.00'),(43,53123,'4',NULL,NULL,285463.00,'03-12-2022 NEFT/AXISP00343154180/RIUP22/1398/AAR INFRASTRUCT 285463.00'),(44,53123,'4',NULL,NULL,57734.00,'23-12-2022 NEFT/AXISP00348423647/RIUP22/1603/AAR INFRASTRUCT 57734.00'),(45,53300,'4',NULL,NULL,283737.00,'31-12-2022 NEFT/AXISP00350264779/RIUP22/1533/AAR INFRASTRUCT 283737.00'),(46,53300,'4',NULL,NULL,57385.00,'31-01-2023 NEFT/AXISP00358425200/RIUP22/2033/AAR INFRASTRUCT 57385.00'),(47,53316,'14',NULL,NULL,285009.00,'02-03-2023 NEFT/AXISP00367739105/RIUP22/2400/AAR INFRATECH 285009.00'),(48,53316,'13',NULL,NULL,9790.00,'03-03-2023 NEFT/AXISP00368176791/RIUP22/2421/AAR INFRATECH 9790.00'),(49,53316,'15',NULL,NULL,59622.00,'21-04-2023 NEFT/AXISP00383377301/SPUP23/0162/AAR INFRATECH 59622.00'),(50,53317,'13',NULL,NULL,300669.00,'31-01-2023 NEFT/AXISP00358425198/RIUP22/2026/AAR INFRASTRUCT 300669.00'),(51,53317,'13',NULL,NULL,57574.00,'17-03-2023 NEFT/AXISP00372194524/RIUP22/2636/AAR INFRATECH 57574.00'),(52,56001,'13',NULL,NULL,294834.00,'29-03-2023 NEFT/AXISP00376153229/RIUP22/2759/AAR INFRATECH 294834.00'),(53,56001,'13',NULL,NULL,59629.00,'19-04-2023 19-04-2023 NEFT/AXISP00382826211/SPUP23/0163/AAR INFRATECH 59629.00'),(54,57648,'1',NULL,NULL,294629.00,'11-07-2023 NEFT/AXISP00406114771/RIUP23/1022/AAR INFRATECH 294629.00'),(55,57648,'1',NULL,NULL,59588.00,'18-08-2023 NEFT/AXISP00416613514/RIUP23/1545/AAR INFRATECH 59588.00'),(56,58704,'5',NULL,NULL,297190.00,'10-08-2023 NEFT/AXISP00414796772/RIUP23/1463/AAR INFRATECH 297190.00'),(57,58704,'5',NULL,NULL,56909.00,'26-04-2024 NEFT/AXISP00494052857/RIUP24/095/AAR INFRATECH/PUNB0079310 56909.00'),(58,59248,'11',NULL,NULL,290991.00,'03-10-2023 NEFT/AXISP00429778563/RIUP23/2349/AAR INFRATECH/PUNB0079310 290991.00'),(59,59248,'11',NULL,NULL,62355.00,'18-11-2023 NEFT/AXISP00445057553/RIUP23/3330/AAR INFRATECH/PUNB0079310 62355.00'),(60,60138,'23',NULL,NULL,201602.00,'05-12-2023 NEFT/AXISP00449859244/RIUP23/3498/AAR INFRATECH/PUNB0079310 ₹ 2,01,602.00'),(61,60138,'29',NULL,NULL,34780.00,'15-01-2024 NEFT/AXISP00462584646/RIUP23/3964/AAR INFRATECH/PUNB0079310 34780.00'),(62,60138,'23 - 29',NULL,NULL,45265.00,'01-02-2024 NEFT/AXISP00467277205/RIUP23/4395/AAR INFRATECH/PUNB0079310 45265.00'),(63,65390,'5',NULL,NULL,100000.00,'27-09-2024 NEFT/AXISP00545242911/RIUP24/1458/AAR INFRATECH/PUNB0079310 100000.00'),(64,65390,'5',NULL,NULL,164902.00,'01-10-2024 NEFT/AXISP00547355130/RIUP24/2016/AAR INFRATECH/PUNB0079310 164902.00'),(65,65390,NULL,NULL,NULL,55283.00,'13-12-2024 NEFT/AXISP00583928100/RIUP24/2512/AAR INFRATECH/PUNB0079310 55283.00'),(66,65391,'4',NULL,NULL,100000.00,'27-09-2024 NEFT/AXISP00545245256/RIUP24/1457/AAR INFRATECH/PUNB0079310 100000.00'),(67,65391,'4',NULL,NULL,100000.00,'01-10-2024 NEFT/AXISP00547355129/RIUP24/2015/AAR INFRATECH/PUNB0079310 100000.00'),(68,65391,NULL,NULL,NULL,55062.00,'07-12-2024 NEFT/AXISP00581582874/RIUP24/2513/AAR INFRATECH/PUNB0079310 55062.00');
/*!40000 ALTER TABLE `payment` ENABLE KEYS */;
UNLOCK TABLES;

--
-- Table structure for table `states`
--

DROP TABLE IF EXISTS `states`;
/*!40101 SET @saved_cs_client     = @@character_set_client */;
/*!50503 SET character_set_client = utf8mb4 */;
CREATE TABLE `states` (
  `State_Id` int NOT NULL AUTO_INCREMENT,
  `State_Name` varchar(255) NOT NULL,
  PRIMARY KEY (`State_Id`)
) ENGINE=InnoDB AUTO_INCREMENT=2 DEFAULT CHARSET=utf8mb4 COLLATE=utf8mb4_0900_ai_ci;
/*!40101 SET character_set_client = @saved_cs_client */;

--
-- Dumping data for table `states`
--

LOCK TABLES `states` WRITE;
/*!40000 ALTER TABLE `states` DISABLE KEYS */;
INSERT INTO `states` VALUES (1,'Uttar Pradesh');
/*!40000 ALTER TABLE `states` ENABLE KEYS */;
UNLOCK TABLES;

--
-- Table structure for table `subcontractors`
--

DROP TABLE IF EXISTS `subcontractors`;
/*!40101 SET @saved_cs_client     = @@character_set_client */;
/*!50503 SET character_set_client = utf8mb4 */;
CREATE TABLE `subcontractors` (
  `Contractor_Id` int NOT NULL AUTO_INCREMENT,
  `Contractor_Name` varchar(255) NOT NULL,
  `Address` varchar(500) DEFAULT NULL,
  `Mobile_No` varchar(100) DEFAULT NULL,
  `PAN_No` varchar(100) DEFAULT NULL,
  `Email` varchar(200) DEFAULT NULL,
  `Gender` varchar(50) DEFAULT NULL,
  `GST_Registration_Type` varchar(50) DEFAULT NULL,
  `GST_No` varchar(100) DEFAULT NULL,
  `Contractor_password` varchar(250) DEFAULT NULL,
  PRIMARY KEY (`Contractor_Id`)
) ENGINE=InnoDB AUTO_INCREMENT=4 DEFAULT CHARSET=utf8mb4 COLLATE=utf8mb4_0900_ai_ci;
/*!40101 SET character_set_client = @saved_cs_client */;

--
-- Dumping data for table `subcontractors`
--

LOCK TABLES `subcontractors` WRITE;
/*!40000 ALTER TABLE `subcontractors` DISABLE KEYS */;
INSERT INTO `subcontractors` VALUES (1,'Abhinandini Enterprises',NULL,NULL,NULL,NULL,NULL,NULL,NULL,NULL),(2,'Ali Construction',NULL,NULL,NULL,NULL,NULL,NULL,NULL,NULL),(3,'AAR Infratech',NULL,NULL,NULL,NULL,NULL,NULL,NULL,NULL);
/*!40000 ALTER TABLE `subcontractors` ENABLE KEYS */;
UNLOCK TABLES;

--
-- Table structure for table `user`
--

DROP TABLE IF EXISTS `user`;
/*!40101 SET @saved_cs_client     = @@character_set_client */;
/*!50503 SET character_set_client = utf8mb4 */;
CREATE TABLE `user` (
  `user_id` int NOT NULL AUTO_INCREMENT,
  `user_name` varchar(255) NOT NULL,
  `mobile` varchar(15) NOT NULL,
  `email` varchar(255) NOT NULL,
  `password` varchar(255) DEFAULT NULL,
  `profile_picture` varchar(255) DEFAULT NULL,
  `address` varchar(255) DEFAULT NULL,
  `dob` date DEFAULT NULL,
  `created_at` timestamp NULL DEFAULT CURRENT_TIMESTAMP,
  `updated_at` timestamp NULL DEFAULT CURRENT_TIMESTAMP ON UPDATE CURRENT_TIMESTAMP,
  PRIMARY KEY (`user_id`),
  UNIQUE KEY `email` (`email`)
) ENGINE=InnoDB DEFAULT CHARSET=utf8mb4 COLLATE=utf8mb4_0900_ai_ci;
/*!40101 SET character_set_client = @saved_cs_client */;

--
-- Dumping data for table `user`
--

LOCK TABLES `user` WRITE;
/*!40000 ALTER TABLE `user` DISABLE KEYS */;
/*!40000 ALTER TABLE `user` ENABLE KEYS */;
UNLOCK TABLES;

--
-- Table structure for table `villages`
--

DROP TABLE IF EXISTS `villages`;
/*!40101 SET @saved_cs_client     = @@character_set_client */;
/*!50503 SET character_set_client = utf8mb4 */;
CREATE TABLE `villages` (
  `Village_Id` int NOT NULL AUTO_INCREMENT,
  `Village_Name` varchar(255) DEFAULT NULL,
  `Block_Id` int DEFAULT NULL,
  PRIMARY KEY (`Village_Id`),
  KEY `Block_Id` (`Block_Id`),
  CONSTRAINT `villages_ibfk_1` FOREIGN KEY (`Block_Id`) REFERENCES `blocks` (`Block_Id`)
) ENGINE=InnoDB AUTO_INCREMENT=28 DEFAULT CHARSET=utf8mb4 COLLATE=utf8mb4_0900_ai_ci;
/*!40101 SET character_set_client = @saved_cs_client */;

--
-- Dumping data for table `villages`
--

LOCK TABLES `villages` WRITE;
/*!40000 ALTER TABLE `villages` DISABLE KEYS */;
INSERT INTO `villages` VALUES (1,'panchenda kalan',1),(2,'medpur',1),(3,'saidpur',1),(4,'khalwara',1),(5,'saidipur raju',1),(6,'ghyanmazara',1),(7,'wazidpur kawali',1),(8,'ahamadwala',1),(9,'jabardastpur mandaudi',1),(10,'ahrora',1),(11,'nanhera',1),(12,'guniyajuddi',1),(13,'mandala',1),(14,'pachenda kalan',1),(15,'sadpur',1),(16,'bhiraheri',1),(17,'marhkarimpur',1),(18,'ghissukheda',1),(19,'haibatpur',1),(20,'pawati khurd',1),(21,'nirdhana',1),(22,'budalkhedi',1),(23,'chimau',1),(24,'budhakheda',1),(25,'saidpur kalan',1),(26,'atali',1),(27,'muthra',1);
/*!40000 ALTER TABLE `villages` ENABLE KEYS */;
UNLOCK TABLES;
/*!40103 SET TIME_ZONE=@OLD_TIME_ZONE */;

/*!40101 SET SQL_MODE=@OLD_SQL_MODE */;
/*!40014 SET FOREIGN_KEY_CHECKS=@OLD_FOREIGN_KEY_CHECKS */;
/*!40014 SET UNIQUE_CHECKS=@OLD_UNIQUE_CHECKS */;
/*!40101 SET CHARACTER_SET_CLIENT=@OLD_CHARACTER_SET_CLIENT */;
/*!40101 SET CHARACTER_SET_RESULTS=@OLD_CHARACTER_SET_RESULTS */;
/*!40101 SET COLLATION_CONNECTION=@OLD_COLLATION_CONNECTION */;
/*!40111 SET SQL_NOTES=@OLD_SQL_NOTES */;

-- Dump completed on 2025-03-28 18:02:53
